title,"search_execution_summary"
"Bucket Copy Trigger","success:646"
"DMC Asset - Build Standalone Asset Table","success:26"
"RapidDiag Telemetry: CLI access statistics","success:27"
"RapidDiag Telemetry: Execution statistics","success:27"
"RapidDiag Telemetry: UI access statistics","success:27"
"Splunk_ML_Toolkit - ML-SPL - Sourcetype Inference","success:7"
"Splunk_ML_Toolkit - ML-SPL - Telemetry Gen","success:7"
"_ACCELERATE_DM_DA-ESS-ThreatIntelligence_Threat_Intelligence_ACCELERATE_","skipped:2023 success:2023"
"_ACCELERATE_DM_SA-NetworkProtection_Domain_Analysis_ACCELERATE_","skipped:2025 success:2023"
"_ACCELERATE_DM_SA-ThreatIntelligence_Incident_Management_ACCELERATE_","skipped:2022 success:2023"
"_ACCELERATE_DM_SA-ThreatIntelligence_Risk_ACCELERATE_","skipped:2023 success:2023"
"_ACCELERATE_DM_Splunk_SA_CIM_Authentication_ACCELERATE_","skipped:1110 success:2023"
"_ACCELERATE_DM_Splunk_SA_CIM_Certificates_ACCELERATE_","skipped:622 success:2023"
"_ACCELERATE_DM_Splunk_SA_CIM_Change_ACCELERATE_","success:2021"
"_ACCELERATE_DM_Splunk_SA_CIM_Email_ACCELERATE_","skipped:669 success:2023"
"_ACCELERATE_DM_Splunk_SA_CIM_Endpoint.Filesystem_ACCELERATE_","skipped:872 success:2023"
"_ACCELERATE_DM_Splunk_SA_CIM_Endpoint.Processes_ACCELERATE_","skipped:657 success:2023"
"_ACCELERATE_DM_Splunk_SA_CIM_Endpoint.Registry_ACCELERATE_","skipped:827 success:2023"
"_ACCELERATE_DM_Splunk_SA_CIM_Endpoint.Services_ACCELERATE_","skipped:644 success:2023"
"_ACCELERATE_DM_Splunk_SA_CIM_Endpoint_ACCELERATE_","skipped:673 success:2023"
"_ACCELERATE_DM_Splunk_SA_CIM_Intrusion_Detection_ACCELERATE_","success:2023"
"_ACCELERATE_DM_Splunk_SA_CIM_Malware_ACCELERATE_","success:2023"
"_ACCELERATE_DM_Splunk_SA_CIM_Network_Resolution_ACCELERATE_","success:2021"
"_ACCELERATE_DM_Splunk_SA_CIM_Network_Sessions_ACCELERATE_","success:2021"
"_ACCELERATE_DM_Splunk_SA_CIM_Network_Traffic_ACCELERATE_","success:2023"
"_ACCELERATE_DM_Splunk_SA_CIM_Performance_ACCELERATE_","success:2023"
"_ACCELERATE_DM_Splunk_SA_CIM_Splunk_Audit.Modular_Actions_ACCELERATE_","success:2023"
"_ACCELERATE_DM_Splunk_SA_CIM_Splunk_Audit.View_Activity_ACCELERATE_","success:2023"
"_ACCELERATE_DM_Splunk_SA_CIM_Splunk_Audit_ACCELERATE_","success:2023"
"_ACCELERATE_DM_Splunk_SA_CIM_Ticket_Management_ACCELERATE_","success:2023"
"_ACCELERATE_DM_Splunk_SA_CIM_Updates_ACCELERATE_","success:2021"
"_ACCELERATE_DM_Splunk_SA_CIM_Vulnerabilities_ACCELERATE_","success:2023"
"_ACCELERATE_DM_Splunk_SA_CIM_Web_ACCELERATE_","success:2023"
"instrumentation.usage.admissionRules.report","success:5"
"instrumentation.usage.authMethod.config","success:5"
"instrumentation.usage.healthMonitor.report","success:5"
"instrumentation.usage.passwordPolicy.config","success:5"
"instrumentation.usage.smartStore.config","success:5"
"instrumentation.usage.workloadManagement.report","success:5"
